id,name,parent_id,display_order,level,,new_id,new_parent_id1,メンズ,0,0,1,,1,02,トップス,1,3,2,,11,13,Tシャツ/カットソー(半袖/袖なし),2,3,3,,21,114,Tシャツ/カットソー(七分/長袖),2,3,3,,31,115,シャツ,2,3,3,,41,116,ポロシャツ,2,3,3,,51,117,タンクトップ,2,3,3,,61,118,ニット/セーター,2,3,3,,71,119,パーカー,2,3,3,,81,1110,カーディガン,2,3,3,,91,1111,スウェット,2,3,3,,101,1112,ジャージ,2,3,3,,111,1113,ベスト,2,3,3,,121,1114,その他,2,3,3,,131,1115,ジャケット/アウター,1,2,2,,141,116,テーラードジャケット,15,2,3,,151,14117,ノーカラージャケット,15,2,3,,161,14118,Gジャン/デニムジャケット,15,2,3,,171,14119,レザージャケット,15,2,3,,181,14120,ダウンジャケット,15,2,3,,191,14121,ライダースジャケット,15,2,3,,201,14122,ミリタリージャケット,15,2,3,,211,14123,ナイロンジャケット,15,2,3,,221,14124,フライトジャケット,15,2,3,,231,14125,ダッフルコート,15,2,3,,241,14126,ピーコート,15,2,3,,251,14127,ステンカラーコート,15,2,3,,261,14128,トレンチコート,15,2,3,,271,14129,モッズコート,15,2,3,,281,14130,パンツ,1,4,2,,291,131,デニム/ジーンズ,30,4,3,,301,29132,ワークパンツ/カーゴパンツ,30,4,3,,311,29133,スラックス,30,4,3,,321,29134,チノパン,30,4,3,,331,29135,ショートパンツ,30,4,3,,341,29136,ペインターパンツ,30,4,3,,351,29137,サルエルパンツ,30,4,3,,361,29138,オーバーオール,30,4,3,,371,29139,その他,30,4,3,,381,29140,靴,1,5,2,,391,141,スニーカー,40,5,3,,401,39142,サンダル,40,5,3,,411,39143,ブーツ,40,5,3,,421,39144,モカシン,40,5,3,,431,39145,ドレス/ビジネス,40,5,3,,441,39146,長靴/レインシューズ,40,5,3,,451,39147,デッキシューズ,40,5,3,,461,39148,その他,40,5,3,,471,39149,バッグ,1,6,2,,481,150,ショルダーバッグ,49,6,3,,491,48151,トートバッグ,49,6,3,,501,48152,ボストンバッグ,49,6,3,,511,48153,リュック/バックパック,49,6,3,,521,48154,ウエストポーチ,49,6,3,,531,48155,ボディーバッグ,49,6,3,,541,48156,ドラムバッグ,49,6,3,,551,48157,ビジネスバッグ,49,6,3,,561,48158,トラベルバッグ,49,6,3,,571,48159,メッセンジャーバッグ,49,6,3,,581,48160,エコバッグ,49,6,3,,591,48161,その他,49,6,3,,601,48162,スーツ,1,2,2,,611,163,スーツジャケット,62,2,3,,621,61164,スーツベスト,62,2,3,,631,61165,スラックス,62,4,3,,641,61166,セットアップ上,62,2,3,,651,61167,セットアップ下,62,4,3,,661,61168,その他,62,2,3,,671,61169,帽子,1,1,2,,681,170,キャップ,69,1,3,,691,68171,ハット,69,1,3,,701,68172,ニットキャップ/ビーニー,69,1,3,,711,68173,ハンチング/ベレー帽,69,1,3,,721,68174,キャスケット,69,1,3,,731,68175,サンバイザー,69,1,3,,741,68176,その他,69,1,3,,751,68177,アクセサリー,1,6,2,,761,178,ネックレス,77,6,3,,771,76179,ブレスレット,77,6,3,,781,76180,バングル/リストバンド,77,6,3,,791,76181,リング,77,6,3,,801,76182,ピアス(片耳用),77,6,3,,811,76183,ピアス(両耳用),77,6,3,,821,76184,アンクレット,77,6,3,,831,76185,その他,77,6,3,,841,76186,小物,1,6,2,,851,187,長財布,86,6,3,,861,85188,折り財布,86,6,3,,871,851